FirstName;LastName;Email
Gloria;Camacho;eu.euismod.ac@tempusscelerisque.com
Sasha;Henry;in.magna.Phasellus@nequevenenatis.ca
Alan;Sellers;urna.suscipit.nonummy@rhoncusNullamvelit.org
Castor;Aguirre;ipsum.sodales@tellusfaucibusleo.edu
Hammett;Cannon;elit.Nulla@ullamcorpermagnaSed.co.uk
Buffy;Guzman;sit.amet@vitaepurusgravida.ca
Nevada;Simmons;elementum@mieleifendegestas.edu
Adara;Lowery;non@nonantebibendum.edu
Steven;Crawford;Morbi.accumsan@nuncIn.ca
Roth;English;Quisque@et.edu
Kenyon;Sampson;nulla@turpisAliquamadipiscing.net
Maile;English;eu@ut.com
Stacy;Huber;Donec.elementum@duiSuspendisseac.net
Wing;Bradley;diam@urnasuscipitnonummy.com
Davis;Wagner;ornare.Fusce@aliquamenimnec.org
Vanna;Cameron;accumsan.laoreet@milaciniamattis.net
Angelica;Flynn;Suspendisse.non.leo@adipiscingelitEtiam.edu
Lael;Stone;est.Nunc.ullamcorper@amet.ca
Ayanna;Vaughan;cursus.non@vel.co.uk
Nicholas;Bates;nisl.Quisque.fringilla@ultrices.edu
Joan;Lloyd;Aliquam.erat.volutpat@eliterat.net
Stacey;Fields;Nulla.eu@lorem.co.uk
Sandra;Herrera;hendrerit@nisi.com
Rebecca;Dickson;et@odiosempercursus.com
Ahmed;Livingston;quis.pede@amalesuada.edu
Gage;Malone;pede.Suspendisse@eu.ca
Matthew;Woods;ultrices.iaculis@feugiatnon.ca
Nasim;Rivers;vitae.mauris@estac.net
Medge;Greer;magna@Phasellus.edu
Susan;Gordon;fringilla@velarcu.org
Quintessa;Fuller;ac.mattis@scelerisqueloremipsum.co.uk
Mallory;Reilly;neque@ligulaNullamfeugiat.net
Benedict;Spencer;Curae@massarutrum.edu
Rashad;Park;adipiscing.lacus@milacinia.co.uk
Quamar;Peters;nec.orci.Donec@aliquetmagna.com
Damian;Snyder;Pellentesque.ut@Fuscealiquet.net
Dolan;Pope;Quisque.purus@aliquetmetus.edu
Cadman;Mcdowell;aliquam.eros.turpis@dui.edu
Scott;Livingston;Suspendisse@facilisisfacilisis.com
Elaine;Carpenter;mus.Aenean@cursus.ca
Marshall;Gibbs;ipsum@semutcursus.edu
Sean;Horne;magna.et@ligulaeu.edu
Grady;Gray;et.netus.et@gravidaPraesenteu.org
Yoshi;Trujillo;Nulla.tincidunt@aaliquet.com
Daria;Clayton;feugiat@nec.com
Mary;Holland;dignissim.magna@acarcu.org
Dustin;Mckenzie;ligula.elit@enim.co.uk
Channing;Black;neque.sed@lectusconvallis.co.uk
Amos;Crane;semper.pretium@temporarcuVestibulum.ca
Thane;Watts;Cras.convallis.convallis@ipsum.ca
Cheryl;Warner;purus.sapien@mollisneccursus.co.uk
Edan;Murray;sed.pede.Cum@cubilia.ca
Breanna;Pollard;neque.Morbi@tristiqueneque.org
Arden;Wood;amet.ultricies.sem@leo.co.uk
Candace;Wise;molestie.orci.tincidunt@dignissimpharetraNam.edu
Zia;Rosales;odio.sagittis@Donecnibhenim.net
Marvin;Lyons;ac@metus.org
Charity;Church;Suspendisse.non.leo@Nulla.ca
Chaim;Stephens;eu@ametluctusvulputate.com
Rae;Figueroa;quam.quis.diam@mi.org
Regan;Oneill;libero.nec.ligula@sedorci.org
Rose;Pugh;tristique.pharetra@turpis.ca
Xerxes;Castro;purus.ac.tellus@diamatpretium.edu
Blythe;Foley;sit.amet.faucibus@elementum.org
Leigh;Stuart;sapien.Nunc.pulvinar@Quisqueporttitoreros.com
Rhoda;Hood;fringilla@eulacusQuisque.org
Nayda;Mooney;ultrices.Vivamus@Quisqueornaretortor.com
Nicholas;Burke;senectus.et.netus@euismodin.net
Leah;Welch;Mauris.eu@quamvel.ca
Jocelyn;Hood;dui@lectusquismassa.edu
Knox;Compton;Morbi.accumsan.laoreet@diamat.edu
Audra;Gallagher;Vivamus.nisi.Mauris@magnaatortor.org
Phelan;Sanchez;netus.et@sapienAenean.net
Tamara;Gray;ipsum.dolor@Maecenasornare.edu
Chase;Park;dignissim@nec.edu
Fletcher;Ruiz;Fusce.aliquam.enim@magnamalesuadavel.org
Ryder;Nixon;imperdiet@feugiatLoremipsum.ca
Martena;Fuller;Phasellus.dolor.elit@eleifend.org
Molly;Oneill;elit.pede.malesuada@sagittis.net
Lucas;Sampson;sed@dolorquam.ca
Akeem;Massey;cursus.non@atpretium.com
Susan;Hines;facilisis.non@tellusSuspendissesed.com
Zeus;Noel;tellus.eu.augue@Cras.net
Unity;Neal;diam@elitfermentumrisus.org
Vielka;Foster;nulla.Donec@bibendumDonecfelis.net
Yetta;Walls;non.ante@acmi.edu
Randall;Campbell;dignissim.magna.a@dolor.co.uk
Oprah;Flowers;Nulla@auctorveliteget.ca
Victor;Ryan;Ut.tincidunt.orci@Cras.ca
Chava;Fuentes;dolor@blandit.net
Ezra;Carson;eu.ligula@massa.org
Elmo;Hernandez;tempor.arcu@mauriselit.com
Wilma;Mcguire;Cras.interdum@nibh.org
Alvin;Banks;leo@libero.ca
Chase;Cruz;luctus.et@nec.net
Justin;Burch;Integer@sollicitudinadipiscing.co.uk
Tanya;Riddle;sem@Ut.edu
Shelly;Carrillo;est.tempor@et.co.uk
Kyla;Santana;sollicitudin@utaliquamiaculis.org
Sierra;Mack;ante.ipsum@penatibusetmagnis.co.uk